datetime,count
Fri Sep 30 2011 00:00:00 GMT-0400 (EDT),1
Mon Dec 05 2011 00:00:00 GMT-0500 (EST),2
Tue Dec 06 2011 00:00:00 GMT-0500 (EST),1
Fri Dec 09 2011 00:00:00 GMT-0500 (EST),1
Mon Dec 12 2011 00:00:00 GMT-0500 (EST),1
Fri Dec 30 2011 00:00:00 GMT-0500 (EST),1
Thu Jan 05 2012 00:00:00 GMT-0500 (EST),1
Mon Jan 09 2012 00:00:00 GMT-0500 (EST),2
Sun Jan 15 2012 00:00:00 GMT-0500 (EST),2
Mon Jan 16 2012 00:00:00 GMT-0500 (EST),1
Wed Feb 01 2012 00:00:00 GMT-0500 (EST),1
Wed Feb 08 2012 00:00:00 GMT-0500 (EST),1
Sun Feb 12 2012 00:00:00 GMT-0500 (EST),1
Tue Feb 28 2012 00:00:00 GMT-0500 (EST),1
Sun Mar 04 2012 00:00:00 GMT-0500 (EST),1
Fri Mar 09 2012 00:00:00 GMT-0500 (EST),2
Thu Mar 15 2012 00:00:00 GMT-0400 (EDT),1
Sun Mar 18 2012 00:00:00 GMT-0400 (EDT),4
Mon Mar 19 2012 00:00:00 GMT-0400 (EDT),2
Tue Mar 20 2012 00:00:00 GMT-0400 (EDT),10
Wed Mar 21 2012 00:00:00 GMT-0400 (EDT),14
Thu Mar 22 2012 00:00:00 GMT-0400 (EDT),7
Sun Mar 25 2012 00:00:00 GMT-0400 (EDT),12
Mon Mar 26 2012 00:00:00 GMT-0400 (EDT),10
Tue Mar 27 2012 00:00:00 GMT-0400 (EDT),6
Wed Mar 28 2012 00:00:00 GMT-0400 (EDT),13
Thu Mar 29 2012 00:00:00 GMT-0400 (EDT),8
Fri Mar 30 2012 00:00:00 GMT-0400 (EDT),1
Sun Apr 01 2012 00:00:00 GMT-0400 (EDT),6
Mon Apr 02 2012 00:00:00 GMT-0400 (EDT),12
Tue Apr 03 2012 00:00:00 GMT-0400 (EDT),9
Wed Apr 04 2012 00:00:00 GMT-0400 (EDT),22
Thu Apr 05 2012 00:00:00 GMT-0400 (EDT),11
Fri Apr 06 2012 00:00:00 GMT-0400 (EDT),2
Mon Apr 09 2012 00:00:00 GMT-0400 (EDT),7
Tue Apr 10 2012 00:00:00 GMT-0400 (EDT),12
Wed Apr 11 2012 00:00:00 GMT-0400 (EDT),15
Thu Apr 12 2012 00:00:00 GMT-0400 (EDT),17
Sun Apr 15 2012 00:00:00 GMT-0400 (EDT),4
Mon Apr 16 2012 00:00:00 GMT-0400 (EDT),9
Tue Apr 17 2012 00:00:00 GMT-0400 (EDT),17
Wed Apr 18 2012 00:00:00 GMT-0400 (EDT),30
Thu Apr 19 2012 00:00:00 GMT-0400 (EDT),31
Fri Apr 20 2012 00:00:00 GMT-0400 (EDT),4
Sun Apr 22 2012 00:00:00 GMT-0400 (EDT),14
Mon Apr 23 2012 00:00:00 GMT-0400 (EDT),28
Tue Apr 24 2012 00:00:00 GMT-0400 (EDT),11
Wed Apr 25 2012 00:00:00 GMT-0400 (EDT),15
Thu Apr 26 2012 00:00:00 GMT-0400 (EDT),30
Fri Apr 27 2012 00:00:00 GMT-0400 (EDT),6
Sun Apr 29 2012 00:00:00 GMT-0400 (EDT),11
Mon Apr 30 2012 00:00:00 GMT-0400 (EDT),20
Tue May 01 2012 00:00:00 GMT-0400 (EDT),17
Wed May 02 2012 00:00:00 GMT-0400 (EDT),30
Thu May 03 2012 00:00:00 GMT-0400 (EDT),10
Sun May 06 2012 00:00:00 GMT-0400 (EDT),14
Mon May 07 2012 00:00:00 GMT-0400 (EDT),21
Tue May 08 2012 00:00:00 GMT-0400 (EDT),30
Wed May 09 2012 00:00:00 GMT-0400 (EDT),35
Thu May 10 2012 00:00:00 GMT-0400 (EDT),17
Fri May 11 2012 00:00:00 GMT-0400 (EDT),5
Sun May 13 2012 00:00:00 GMT-0400 (EDT),26
Mon May 14 2012 00:00:00 GMT-0400 (EDT),25
Tue May 15 2012 00:00:00 GMT-0400 (EDT),37
Wed May 16 2012 00:00:00 GMT-0400 (EDT),29
Thu May 17 2012 00:00:00 GMT-0400 (EDT),26
Fri May 18 2012 00:00:00 GMT-0400 (EDT),6
Sun May 20 2012 00:00:00 GMT-0400 (EDT),29
Mon May 21 2012 00:00:00 GMT-0400 (EDT),37
Tue May 22 2012 00:00:00 GMT-0400 (EDT),37
Wed May 23 2012 00:00:00 GMT-0400 (EDT),31
Thu May 24 2012 00:00:00 GMT-0400 (EDT),14
Fri May 25 2012 00:00:00 GMT-0400 (EDT),5
Sun May 27 2012 00:00:00 GMT-0400 (EDT),27
Mon May 28 2012 00:00:00 GMT-0400 (EDT),31
Tue May 29 2012 00:00:00 GMT-0400 (EDT),28
Wed May 30 2012 00:00:00 GMT-0400 (EDT),30
Thu May 31 2012 00:00:00 GMT-0400 (EDT),29
Fri Jun 01 2012 00:00:00 GMT-0400 (EDT),4
Sun Jun 03 2012 00:00:00 GMT-0400 (EDT),27
Mon Jun 04 2012 00:00:00 GMT-0400 (EDT),33
Tue Jun 05 2012 00:00:00 GMT-0400 (EDT),35
Wed Jun 06 2012 00:00:00 GMT-0400 (EDT),18
Thu Jun 07 2012 00:00:00 GMT-0400 (EDT),32
Fri Jun 08 2012 00:00:00 GMT-0400 (EDT),3
Sun Jun 10 2012 00:00:00 GMT-0400 (EDT),2
Mon Jun 11 2012 00:00:00 GMT-0400 (EDT),18
Tue Jun 12 2012 00:00:00 GMT-0400 (EDT),24
Wed Jun 13 2012 00:00:00 GMT-0400 (EDT),41
Thu Jun 14 2012 00:00:00 GMT-0400 (EDT),31
Fri Jun 15 2012 00:00:00 GMT-0400 (EDT),9
Sun Jun 17 2012 00:00:00 GMT-0400 (EDT),22
Mon Jun 18 2012 00:00:00 GMT-0400 (EDT),29
Tue Jun 19 2012 00:00:00 GMT-0400 (EDT),33
Wed Jun 20 2012 00:00:00 GMT-0400 (EDT),26
Thu Jun 21 2012 00:00:00 GMT-0400 (EDT),28
Fri Jun 22 2012 00:00:00 GMT-0400 (EDT),2
Sun Jun 24 2012 00:00:00 GMT-0400 (EDT),21
Mon Jun 25 2012 00:00:00 GMT-0400 (EDT),27
Tue Jun 26 2012 00:00:00 GMT-0400 (EDT),31
Wed Jun 27 2012 00:00:00 GMT-0400 (EDT),27
Thu Jun 28 2012 00:00:00 GMT-0400 (EDT),24
Fri Jun 29 2012 00:00:00 GMT-0400 (EDT),8
Sun Jul 01 2012 00:00:00 GMT-0400 (EDT),23
Mon Jul 02 2012 00:00:00 GMT-0400 (EDT),21
Tue Jul 03 2012 00:00:00 GMT-0400 (EDT),39
Wed Jul 04 2012 00:00:00 GMT-0400 (EDT),42
Thu Jul 05 2012 00:00:00 GMT-0400 (EDT),32
Fri Jul 06 2012 00:00:00 GMT-0400 (EDT),7
Sun Jul 08 2012 00:00:00 GMT-0400 (EDT),18
Mon Jul 09 2012 00:00:00 GMT-0400 (EDT),20
Tue Jul 10 2012 00:00:00 GMT-0400 (EDT),24
Wed Jul 11 2012 00:00:00 GMT-0400 (EDT),27
Thu Jul 12 2012 00:00:00 GMT-0400 (EDT),27
Fri Jul 13 2012 00:00:00 GMT-0400 (EDT),6
Sun Jul 15 2012 00:00:00 GMT-0400 (EDT),23
Mon Jul 16 2012 00:00:00 GMT-0400 (EDT),32
Tue Jul 17 2012 00:00:00 GMT-0400 (EDT),32
Wed Jul 18 2012 00:00:00 GMT-0400 (EDT),33
Thu Jul 19 2012 00:00:00 GMT-0400 (EDT),29
Fri Jul 20 2012 00:00:00 GMT-0400 (EDT),4
Sun Jul 22 2012 00:00:00 GMT-0400 (EDT),13
Mon Jul 23 2012 00:00:00 GMT-0400 (EDT),25
Tue Jul 24 2012 00:00:00 GMT-0400 (EDT),36
Wed Jul 25 2012 00:00:00 GMT-0400 (EDT),38
Thu Jul 26 2012 00:00:00 GMT-0400 (EDT),35
Fri Jul 27 2012 00:00:00 GMT-0400 (EDT),4
Sun Jul 29 2012 00:00:00 GMT-0400 (EDT),34
Mon Jul 30 2012 00:00:00 GMT-0400 (EDT),37
Tue Jul 31 2012 00:00:00 GMT-0400 (EDT),34
Wed Aug 01 2012 00:00:00 GMT-0400 (EDT),34
Thu Aug 02 2012 00:00:00 GMT-0400 (EDT),30
Fri Aug 03 2012 00:00:00 GMT-0400 (EDT),5
Sun Aug 05 2012 00:00:00 GMT-0400 (EDT),20
Mon Aug 06 2012 00:00:00 GMT-0400 (EDT),31
Tue Aug 07 2012 00:00:00 GMT-0400 (EDT),44
Wed Aug 08 2012 00:00:00 GMT-0400 (EDT),27
Thu Aug 09 2012 00:00:00 GMT-0400 (EDT),39
Fri Aug 10 2012 00:00:00 GMT-0400 (EDT),6
Sun Aug 12 2012 00:00:00 GMT-0400 (EDT),32
Mon Aug 13 2012 00:00:00 GMT-0400 (EDT),39
Tue Aug 14 2012 00:00:00 GMT-0400 (EDT),43
Wed Aug 15 2012 00:00:00 GMT-0400 (EDT),28
Thu Aug 16 2012 00:00:00 GMT-0400 (EDT),39
Sun Aug 19 2012 00:00:00 GMT-0400 (EDT),34
Mon Aug 20 2012 00:00:00 GMT-0400 (EDT),34
Tue Aug 21 2012 00:00:00 GMT-0400 (EDT),45
Wed Aug 22 2012 00:00:00 GMT-0400 (EDT),37
Thu Aug 23 2012 00:00:00 GMT-0400 (EDT),41
Fri Aug 24 2012 00:00:00 GMT-0400 (EDT),12
Sun Aug 26 2012 00:00:00 GMT-0400 (EDT),37
Mon Aug 27 2012 00:00:00 GMT-0400 (EDT),47
Tue Aug 28 2012 00:00:00 GMT-0400 (EDT),31
Wed Aug 29 2012 00:00:00 GMT-0400 (EDT),40
Thu Aug 30 2012 00:00:00 GMT-0400 (EDT),29
Fri Aug 31 2012 00:00:00 GMT-0400 (EDT),7
Sun Sep 02 2012 00:00:00 GMT-0400 (EDT),35
Mon Sep 03 2012 00:00:00 GMT-0400 (EDT),45
Tue Sep 04 2012 00:00:00 GMT-0400 (EDT),43
Wed Sep 05 2012 00:00:00 GMT-0400 (EDT),32
Thu Sep 06 2012 00:00:00 GMT-0400 (EDT),38
Fri Sep 07 2012 00:00:00 GMT-0400 (EDT),5
Sun Sep 09 2012 00:00:00 GMT-0400 (EDT),25
Mon Sep 10 2012 00:00:00 GMT-0400 (EDT),33
Tue Sep 11 2012 00:00:00 GMT-0400 (EDT),26
Wed Sep 12 2012 00:00:00 GMT-0400 (EDT),36
Thu Sep 13 2012 00:00:00 GMT-0400 (EDT),29
Fri Sep 14 2012 00:00:00 GMT-0400 (EDT),2
Sun Sep 16 2012 00:00:00 GMT-0400 (EDT),27
Mon Sep 17 2012 00:00:00 GMT-0400 (EDT),31
Tue Sep 18 2012 00:00:00 GMT-0400 (EDT),39
Wed Sep 19 2012 00:00:00 GMT-0400 (EDT),21
Thu Sep 20 2012 00:00:00 GMT-0400 (EDT),26
Fri Sep 21 2012 00:00:00 GMT-0400 (EDT),2
Sun Sep 23 2012 00:00:00 GMT-0400 (EDT),25
Mon Sep 24 2012 00:00:00 GMT-0400 (EDT),21
Tue Sep 25 2012 00:00:00 GMT-0400 (EDT),25
Wed Sep 26 2012 00:00:00 GMT-0400 (EDT),25
Thu Sep 27 2012 00:00:00 GMT-0400 (EDT),17
Fri Sep 28 2012 00:00:00 GMT-0400 (EDT),6
Sun Sep 30 2012 00:00:00 GMT-0400 (EDT),20
Mon Oct 01 2012 00:00:00 GMT-0400 (EDT),33
Tue Oct 02 2012 00:00:00 GMT-0400 (EDT),15
Wed Oct 03 2012 00:00:00 GMT-0400 (EDT),25
Thu Oct 04 2012 00:00:00 GMT-0400 (EDT),10
Sun Oct 07 2012 00:00:00 GMT-0400 (EDT),43
Mon Oct 08 2012 00:00:00 GMT-0400 (EDT),27
Tue Oct 09 2012 00:00:00 GMT-0400 (EDT),32
Wed Oct 10 2012 00:00:00 GMT-0400 (EDT),31
Thu Oct 11 2012 00:00:00 GMT-0400 (EDT),25
Sun Oct 14 2012 00:00:00 GMT-0400 (EDT),28
Mon Oct 15 2012 00:00:00 GMT-0400 (EDT),27
Tue Oct 16 2012 00:00:00 GMT-0400 (EDT),37
Wed Oct 17 2012 00:00:00 GMT-0400 (EDT),27
Thu Oct 18 2012 00:00:00 GMT-0400 (EDT),38
Fri Oct 19 2012 00:00:00 GMT-0400 (EDT),4
Sun Oct 21 2012 00:00:00 GMT-0400 (EDT),46
Mon Oct 22 2012 00:00:00 GMT-0400 (EDT),36
Tue Oct 23 2012 00:00:00 GMT-0400 (EDT),33
Wed Oct 24 2012 00:00:00 GMT-0400 (EDT),36
Thu Oct 25 2012 00:00:00 GMT-0400 (EDT),31
Fri Oct 26 2012 00:00:00 GMT-0400 (EDT),4
Sun Oct 28 2012 00:00:00 GMT-0400 (EDT),32
Mon Oct 29 2012 00:00:00 GMT-0400 (EDT),45
Tue Oct 30 2012 00:00:00 GMT-0400 (EDT),44
Wed Oct 31 2012 00:00:00 GMT-0400 (EDT),52
Thu Nov 01 2012 00:00:00 GMT-0400 (EDT),37
Sun Nov 04 2012 00:00:00 GMT-0400 (EDT),17
Mon Nov 05 2012 00:00:00 GMT-0500 (EST),1
Tue Nov 06 2012 00:00:00 GMT-0500 (EST),24
Wed Nov 07 2012 00:00:00 GMT-0500 (EST),20
Thu Nov 08 2012 00:00:00 GMT-0500 (EST),30
Fri Nov 09 2012 00:00:00 GMT-0500 (EST),3
Sun Nov 11 2012 00:00:00 GMT-0500 (EST),37
Mon Nov 12 2012 00:00:00 GMT-0500 (EST),32
Tue Nov 13 2012 00:00:00 GMT-0500 (EST),24
Wed Nov 14 2012 00:00:00 GMT-0500 (EST),19
Thu Nov 15 2012 00:00:00 GMT-0500 (EST),15
Sun Nov 18 2012 00:00:00 GMT-0500 (EST),30
Mon Nov 19 2012 00:00:00 GMT-0500 (EST),26
Tue Nov 20 2012 00:00:00 GMT-0500 (EST),26
Wed Nov 21 2012 00:00:00 GMT-0500 (EST),25
Thu Nov 22 2012 00:00:00 GMT-0500 (EST),29
Sun Nov 25 2012 00:00:00 GMT-0500 (EST),41
Mon Nov 26 2012 00:00:00 GMT-0500 (EST),33
Tue Nov 27 2012 00:00:00 GMT-0500 (EST),28
Wed Nov 28 2012 00:00:00 GMT-0500 (EST),24
Thu Nov 29 2012 00:00:00 GMT-0500 (EST),18
Fri Nov 30 2012 00:00:00 GMT-0500 (EST),1
Sun Dec 02 2012 00:00:00 GMT-0500 (EST),38
Mon Dec 03 2012 00:00:00 GMT-0500 (EST),39
Tue Dec 04 2012 00:00:00 GMT-0500 (EST),38
Wed Dec 05 2012 00:00:00 GMT-0500 (EST),21
Thu Dec 06 2012 00:00:00 GMT-0500 (EST),39
Fri Dec 07 2012 00:00:00 GMT-0500 (EST),2
Sun Dec 09 2012 00:00:00 GMT-0500 (EST),31
Mon Dec 10 2012 00:00:00 GMT-0500 (EST),31
Tue Dec 11 2012 00:00:00 GMT-0500 (EST),16
Wed Dec 12 2012 00:00:00 GMT-0500 (EST),27
Thu Dec 13 2012 00:00:00 GMT-0500 (EST),15
Sun Dec 16 2012 00:00:00 GMT-0500 (EST),23
Mon Dec 17 2012 00:00:00 GMT-0500 (EST),25
Tue Dec 18 2012 00:00:00 GMT-0500 (EST),37
Wed Dec 19 2012 00:00:00 GMT-0500 (EST),20
Thu Dec 20 2012 00:00:00 GMT-0500 (EST),25
Fri Dec 21 2012 00:00:00 GMT-0500 (EST),1
Sun Dec 23 2012 00:00:00 GMT-0500 (EST),14
Wed Dec 26 2012 00:00:00 GMT-0500 (EST),16
Thu Dec 27 2012 00:00:00 GMT-0500 (EST),13
Fri Dec 28 2012 00:00:00 GMT-0500 (EST),1
Sun Dec 30 2012 00:00:00 GMT-0500 (EST),2
Tue Jan 01 2013 00:00:00 GMT-0500 (EST),10
Wed Jan 02 2013 00:00:00 GMT-0500 (EST),6
Thu Jan 03 2013 00:00:00 GMT-0500 (EST),9
Sun Jan 06 2013 00:00:00 GMT-0500 (EST),15
Mon Jan 07 2013 00:00:00 GMT-0500 (EST),20
Tue Jan 08 2013 00:00:00 GMT-0500 (EST),39
Wed Jan 09 2013 00:00:00 GMT-0500 (EST),26
Thu Jan 10 2013 00:00:00 GMT-0500 (EST),20
Fri Jan 11 2013 00:00:00 GMT-0500 (EST),4
Sun Jan 13 2013 00:00:00 GMT-0500 (EST),21
Mon Jan 14 2013 00:00:00 GMT-0500 (EST),28
Tue Jan 15 2013 00:00:00 GMT-0500 (EST),22
Wed Jan 16 2013 00:00:00 GMT-0500 (EST),31
Thu Jan 17 2013 00:00:00 GMT-0500 (EST),13
Sun Jan 20 2013 00:00:00 GMT-0500 (EST),40
Mon Jan 21 2013 00:00:00 GMT-0500 (EST),43
Tue Jan 22 2013 00:00:00 GMT-0500 (EST),32
Wed Jan 23 2013 00:00:00 GMT-0500 (EST),24
Thu Jan 24 2013 00:00:00 GMT-0500 (EST),8
Fri Jan 25 2013 00:00:00 GMT-0500 (EST),1
Mon Jan 28 2013 00:00:00 GMT-0500 (EST),25
Tue Jan 29 2013 00:00:00 GMT-0500 (EST),28
Wed Jan 30 2013 00:00:00 GMT-0500 (EST),23
Thu Jan 31 2013 00:00:00 GMT-0500 (EST),24
Fri Feb 01 2013 00:00:00 GMT-0500 (EST),1
Sun Feb 03 2013 00:00:00 GMT-0500 (EST),20
Mon Feb 04 2013 00:00:00 GMT-0500 (EST),26
Tue Feb 05 2013 00:00:00 GMT-0500 (EST),31
Wed Feb 06 2013 00:00:00 GMT-0500 (EST),26
Thu Feb 07 2013 00:00:00 GMT-0500 (EST),25
Fri Feb 08 2013 00:00:00 GMT-0500 (EST),2
Sun Feb 10 2013 00:00:00 GMT-0500 (EST),48
Mon Feb 11 2013 00:00:00 GMT-0500 (EST),27
Tue Feb 12 2013 00:00:00 GMT-0500 (EST),27
Wed Feb 13 2013 00:00:00 GMT-0500 (EST),37
Thu Feb 14 2013 00:00:00 GMT-0500 (EST),34
Sun Feb 17 2013 00:00:00 GMT-0500 (EST),29
Mon Feb 18 2013 00:00:00 GMT-0500 (EST),30
Tue Feb 19 2013 00:00:00 GMT-0500 (EST),23
Wed Feb 20 2013 00:00:00 GMT-0500 (EST),30
Thu Feb 21 2013 00:00:00 GMT-0500 (EST),17
Sun Feb 24 2013 00:00:00 GMT-0500 (EST),29
Mon Feb 25 2013 00:00:00 GMT-0500 (EST),21
Tue Feb 26 2013 00:00:00 GMT-0500 (EST),25
Wed Feb 27 2013 00:00:00 GMT-0500 (EST),27
Thu Feb 28 2013 00:00:00 GMT-0500 (EST),11
Fri Mar 01 2013 00:00:00 GMT-0500 (EST),1
Sun Mar 03 2013 00:00:00 GMT-0500 (EST),31
Mon Mar 04 2013 00:00:00 GMT-0500 (EST),22
Tue Mar 05 2013 00:00:00 GMT-0500 (EST),13
Wed Mar 06 2013 00:00:00 GMT-0500 (EST),26
Thu Mar 07 2013 00:00:00 GMT-0500 (EST),26
Fri Mar 08 2013 00:00:00 GMT-0500 (EST),3
Mon Mar 11 2013 00:00:00 GMT-0400 (EDT),30
Tue Mar 12 2013 00:00:00 GMT-0400 (EDT),23
Wed Mar 13 2013 00:00:00 GMT-0400 (EDT),22
Thu Mar 14 2013 00:00:00 GMT-0400 (EDT),19
Fri Mar 15 2013 00:00:00 GMT-0400 (EDT),6
Sun Mar 17 2013 00:00:00 GMT-0400 (EDT),17
Mon Mar 18 2013 00:00:00 GMT-0400 (EDT),24
Tue Mar 19 2013 00:00:00 GMT-0400 (EDT),28
Wed Mar 20 2013 00:00:00 GMT-0400 (EDT),19
Thu Mar 21 2013 00:00:00 GMT-0400 (EDT),17
Fri Mar 22 2013 00:00:00 GMT-0400 (EDT),3
Sun Mar 24 2013 00:00:00 GMT-0400 (EDT),18
Mon Mar 25 2013 00:00:00 GMT-0400 (EDT),20
Tue Mar 26 2013 00:00:00 GMT-0400 (EDT),16
Wed Mar 27 2013 00:00:00 GMT-0400 (EDT),23
Thu Mar 28 2013 00:00:00 GMT-0400 (EDT),5
Mon Apr 01 2013 00:00:00 GMT-0400 (EDT),21
Tue Apr 02 2013 00:00:00 GMT-0400 (EDT),26
Wed Apr 03 2013 00:00:00 GMT-0400 (EDT),19
Thu Apr 04 2013 00:00:00 GMT-0400 (EDT),25
Fri Apr 05 2013 00:00:00 GMT-0400 (EDT),1
Sun Apr 07 2013 00:00:00 GMT-0400 (EDT),10
Mon Apr 08 2013 00:00:00 GMT-0400 (EDT),25
Tue Apr 09 2013 00:00:00 GMT-0400 (EDT),22
Wed Apr 10 2013 00:00:00 GMT-0400 (EDT),25
Thu Apr 11 2013 00:00:00 GMT-0400 (EDT),24
Fri Apr 12 2013 00:00:00 GMT-0400 (EDT),1
Sun Apr 14 2013 00:00:00 GMT-0400 (EDT),23
Mon Apr 15 2013 00:00:00 GMT-0400 (EDT),33
Tue Apr 16 2013 00:00:00 GMT-0400 (EDT),34
Wed Apr 17 2013 00:00:00 GMT-0400 (EDT),32
Thu Apr 18 2013 00:00:00 GMT-0400 (EDT),23
Fri Apr 19 2013 00:00:00 GMT-0400 (EDT),6
Sun Apr 21 2013 00:00:00 GMT-0400 (EDT),24
Mon Apr 22 2013 00:00:00 GMT-0400 (EDT),40
Tue Apr 23 2013 00:00:00 GMT-0400 (EDT),34
Wed Apr 24 2013 00:00:00 GMT-0400 (EDT),6
Thu Apr 25 2013 00:00:00 GMT-0400 (EDT),18
Fri Apr 26 2013 00:00:00 GMT-0400 (EDT),5
Sun Apr 28 2013 00:00:00 GMT-0400 (EDT),17
Mon Apr 29 2013 00:00:00 GMT-0400 (EDT),26
Tue Apr 30 2013 00:00:00 GMT-0400 (EDT),25
Wed May 01 2013 00:00:00 GMT-0400 (EDT),26
Thu May 02 2013 00:00:00 GMT-0400 (EDT),23
Fri May 03 2013 00:00:00 GMT-0400 (EDT),5
Sun May 05 2013 00:00:00 GMT-0400 (EDT),12
Mon May 06 2013 00:00:00 GMT-0400 (EDT),29
Tue May 07 2013 00:00:00 GMT-0400 (EDT),45
Wed May 08 2013 00:00:00 GMT-0400 (EDT),39
Thu May 09 2013 00:00:00 GMT-0400 (EDT),29
Fri May 10 2013 00:00:00 GMT-0400 (EDT),6
Sun May 12 2013 00:00:00 GMT-0400 (EDT),20
Mon May 13 2013 00:00:00 GMT-0400 (EDT),18
Tue May 14 2013 00:00:00 GMT-0400 (EDT),24
Wed May 15 2013 00:00:00 GMT-0400 (EDT),24
Thu May 16 2013 00:00:00 GMT-0400 (EDT),24
Fri May 17 2013 00:00:00 GMT-0400 (EDT),3
Sun May 19 2013 00:00:00 GMT-0400 (EDT),19
Mon May 20 2013 00:00:00 GMT-0400 (EDT),21
Tue May 21 2013 00:00:00 GMT-0400 (EDT),26
Wed May 22 2013 00:00:00 GMT-0400 (EDT),29
Thu May 23 2013 00:00:00 GMT-0400 (EDT),21
Fri May 24 2013 00:00:00 GMT-0400 (EDT),2
Sun May 26 2013 00:00:00 GMT-0400 (EDT),23
Mon May 27 2013 00:00:00 GMT-0400 (EDT),39
Tue May 28 2013 00:00:00 GMT-0400 (EDT),31
Wed May 29 2013 00:00:00 GMT-0400 (EDT),23
Thu May 30 2013 00:00:00 GMT-0400 (EDT),21
Fri May 31 2013 00:00:00 GMT-0400 (EDT),9
Sun Jun 02 2013 00:00:00 GMT-0400 (EDT),10
Mon Jun 03 2013 00:00:00 GMT-0400 (EDT),36
Tue Jun 04 2013 00:00:00 GMT-0400 (EDT),31
Wed Jun 05 2013 00:00:00 GMT-0400 (EDT),24
Thu Jun 06 2013 00:00:00 GMT-0400 (EDT),15
Fri Jun 07 2013 00:00:00 GMT-0400 (EDT),1
Sun Jun 09 2013 00:00:00 GMT-0400 (EDT),1
Mon Jun 10 2013 00:00:00 GMT-0400 (EDT),32
Tue Jun 11 2013 00:00:00 GMT-0400 (EDT),20
Wed Jun 12 2013 00:00:00 GMT-0400 (EDT),29
Thu Jun 13 2013 00:00:00 GMT-0400 (EDT),24
Fri Jun 14 2013 00:00:00 GMT-0400 (EDT),5
Sun Jun 16 2013 00:00:00 GMT-0400 (EDT),23
Mon Jun 17 2013 00:00:00 GMT-0400 (EDT),18
Tue Jun 18 2013 00:00:00 GMT-0400 (EDT),33
Wed Jun 19 2013 00:00:00 GMT-0400 (EDT),29
Thu Jun 20 2013 00:00:00 GMT-0400 (EDT),18
Fri Jun 21 2013 00:00:00 GMT-0400 (EDT),6
Sun Jun 23 2013 00:00:00 GMT-0400 (EDT),21
Mon Jun 24 2013 00:00:00 GMT-0400 (EDT),21
Tue Jun 25 2013 00:00:00 GMT-0400 (EDT),31
Wed Jun 26 2013 00:00:00 GMT-0400 (EDT),24
Thu Jun 27 2013 00:00:00 GMT-0400 (EDT),21
Fri Jun 28 2013 00:00:00 GMT-0400 (EDT),2
Sun Jun 30 2013 00:00:00 GMT-0400 (EDT),31
Mon Jul 01 2013 00:00:00 GMT-0400 (EDT),17
Tue Jul 02 2013 00:00:00 GMT-0400 (EDT),18
Wed Jul 03 2013 00:00:00 GMT-0400 (EDT),31
Thu Jul 04 2013 00:00:00 GMT-0400 (EDT),23
Fri Jul 05 2013 00:00:00 GMT-0400 (EDT),5
Sun Jul 07 2013 00:00:00 GMT-0400 (EDT),19
Mon Jul 08 2013 00:00:00 GMT-0400 (EDT),31
Tue Jul 09 2013 00:00:00 GMT-0400 (EDT),27
Wed Jul 10 2013 00:00:00 GMT-0400 (EDT),24
Thu Jul 11 2013 00:00:00 GMT-0400 (EDT),23
Fri Jul 12 2013 00:00:00 GMT-0400 (EDT),14
Sun Jul 14 2013 00:00:00 GMT-0400 (EDT),20
Mon Jul 15 2013 00:00:00 GMT-0400 (EDT),21
Tue Jul 16 2013 00:00:00 GMT-0400 (EDT),30
Wed Jul 17 2013 00:00:00 GMT-0400 (EDT),21
Thu Jul 18 2013 00:00:00 GMT-0400 (EDT),22
Fri Jul 19 2013 00:00:00 GMT-0400 (EDT),9
Sun Jul 21 2013 00:00:00 GMT-0400 (EDT),18
Mon Jul 22 2013 00:00:00 GMT-0400 (EDT),34
Tue Jul 23 2013 00:00:00 GMT-0400 (EDT),21
Wed Jul 24 2013 00:00:00 GMT-0400 (EDT),25
Thu Jul 25 2013 00:00:00 GMT-0400 (EDT),27
Fri Jul 26 2013 00:00:00 GMT-0400 (EDT),1
Sun Jul 28 2013 00:00:00 GMT-0400 (EDT),18
Mon Jul 29 2013 00:00:00 GMT-0400 (EDT),20
Tue Jul 30 2013 00:00:00 GMT-0400 (EDT),37
Wed Jul 31 2013 00:00:00 GMT-0400 (EDT),29
Thu Aug 01 2013 00:00:00 GMT-0400 (EDT),17
Fri Aug 02 2013 00:00:00 GMT-0400 (EDT),4
Sun Aug 04 2013 00:00:00 GMT-0400 (EDT),26
Mon Aug 05 2013 00:00:00 GMT-0400 (EDT),26
Tue Aug 06 2013 00:00:00 GMT-0400 (EDT),42
Wed Aug 07 2013 00:00:00 GMT-0400 (EDT),23
Thu Aug 08 2013 00:00:00 GMT-0400 (EDT),16
Fri Aug 09 2013 00:00:00 GMT-0400 (EDT),4
Sun Aug 11 2013 00:00:00 GMT-0400 (EDT),20
Mon Aug 12 2013 00:00:00 GMT-0400 (EDT),26
Tue Aug 13 2013 00:00:00 GMT-0400 (EDT),23
Wed Aug 14 2013 00:00:00 GMT-0400 (EDT),32
Thu Aug 15 2013 00:00:00 GMT-0400 (EDT),42
Fri Aug 16 2013 00:00:00 GMT-0400 (EDT),5
Sun Aug 18 2013 00:00:00 GMT-0400 (EDT),23
Mon Aug 19 2013 00:00:00 GMT-0400 (EDT),28
Tue Aug 20 2013 00:00:00 GMT-0400 (EDT),46
Wed Aug 21 2013 00:00:00 GMT-0400 (EDT),39
Thu Aug 22 2013 00:00:00 GMT-0400 (EDT),55
Fri Aug 23 2013 00:00:00 GMT-0400 (EDT),8
Sun Aug 25 2013 00:00:00 GMT-0400 (EDT),22
Mon Aug 26 2013 00:00:00 GMT-0400 (EDT),34
Tue Aug 27 2013 00:00:00 GMT-0400 (EDT),38
Wed Aug 28 2013 00:00:00 GMT-0400 (EDT),39
Thu Aug 29 2013 00:00:00 GMT-0400 (EDT),33
Fri Aug 30 2013 00:00:00 GMT-0400 (EDT),6
Sun Sep 01 2013 00:00:00 GMT-0400 (EDT),29
Mon Sep 02 2013 00:00:00 GMT-0400 (EDT),48
Tue Sep 03 2013 00:00:00 GMT-0400 (EDT),39
Wed Sep 04 2013 00:00:00 GMT-0400 (EDT),33
Thu Sep 05 2013 00:00:00 GMT-0400 (EDT),28
Fri Sep 06 2013 00:00:00 GMT-0400 (EDT),4
Sun Sep 08 2013 00:00:00 GMT-0400 (EDT),33
Mon Sep 09 2013 00:00:00 GMT-0400 (EDT),54
Tue Sep 10 2013 00:00:00 GMT-0400 (EDT),71
Wed Sep 11 2013 00:00:00 GMT-0400 (EDT),42
Thu Sep 12 2013 00:00:00 GMT-0400 (EDT),47
Fri Sep 13 2013 00:00:00 GMT-0400 (EDT),15
Sun Sep 15 2013 00:00:00 GMT-0400 (EDT),30
Mon Sep 16 2013 00:00:00 GMT-0400 (EDT),36
Tue Sep 17 2013 00:00:00 GMT-0400 (EDT),37
Wed Sep 18 2013 00:00:00 GMT-0400 (EDT),35
Thu Sep 19 2013 00:00:00 GMT-0400 (EDT),32
Fri Sep 20 2013 00:00:00 GMT-0400 (EDT),9
Sun Sep 22 2013 00:00:00 GMT-0400 (EDT),25
Mon Sep 23 2013 00:00:00 GMT-0400 (EDT),35
Tue Sep 24 2013 00:00:00 GMT-0400 (EDT),34
Wed Sep 25 2013 00:00:00 GMT-0400 (EDT),25
Thu Sep 26 2013 00:00:00 GMT-0400 (EDT),45
Fri Sep 27 2013 00:00:00 GMT-0400 (EDT),8
Sun Sep 29 2013 00:00:00 GMT-0400 (EDT),24
Mon Sep 30 2013 00:00:00 GMT-0400 (EDT),19
Tue Oct 01 2013 00:00:00 GMT-0400 (EDT),26
Wed Oct 02 2013 00:00:00 GMT-0400 (EDT),28
Thu Oct 03 2013 00:00:00 GMT-0400 (EDT),30
Fri Oct 04 2013 00:00:00 GMT-0400 (EDT),4
Sun Oct 06 2013 00:00:00 GMT-0400 (EDT),38
Mon Oct 07 2013 00:00:00 GMT-0400 (EDT),38
Tue Oct 08 2013 00:00:00 GMT-0400 (EDT),32
Wed Oct 09 2013 00:00:00 GMT-0400 (EDT),32
Thu Oct 10 2013 00:00:00 GMT-0400 (EDT),26
Fri Oct 11 2013 00:00:00 GMT-0400 (EDT),6
Sun Oct 13 2013 00:00:00 GMT-0400 (EDT),31
Mon Oct 14 2013 00:00:00 GMT-0400 (EDT),9
Tue Oct 15 2013 00:00:00 GMT-0400 (EDT),30
Wed Oct 16 2013 00:00:00 GMT-0400 (EDT),19
Thu Oct 17 2013 00:00:00 GMT-0400 (EDT),23
Fri Oct 18 2013 00:00:00 GMT-0400 (EDT),3
Sun Oct 20 2013 00:00:00 GMT-0400 (EDT),29
Mon Oct 21 2013 00:00:00 GMT-0400 (EDT),41
Tue Oct 22 2013 00:00:00 GMT-0400 (EDT),39
Wed Oct 23 2013 00:00:00 GMT-0400 (EDT),64
Thu Oct 24 2013 00:00:00 GMT-0400 (EDT),29
Fri Oct 25 2013 00:00:00 GMT-0400 (EDT),2
Sun Oct 27 2013 00:00:00 GMT-0400 (EDT),25
Mon Oct 28 2013 00:00:00 GMT-0400 (EDT),45
Tue Oct 29 2013 00:00:00 GMT-0400 (EDT),36
Wed Oct 30 2013 00:00:00 GMT-0400 (EDT),29
Thu Oct 31 2013 00:00:00 GMT-0400 (EDT),19
Fri Nov 01 2013 00:00:00 GMT-0400 (EDT),4
Sun Nov 03 2013 00:00:00 GMT-0400 (EDT),22
Tue Nov 05 2013 00:00:00 GMT-0500 (EST),32
Wed Nov 06 2013 00:00:00 GMT-0500 (EST),27
Thu Nov 07 2013 00:00:00 GMT-0500 (EST),26
Sun Nov 10 2013 00:00:00 GMT-0500 (EST),24
Mon Nov 11 2013 00:00:00 GMT-0500 (EST),29
Tue Nov 12 2013 00:00:00 GMT-0500 (EST),22
Wed Nov 13 2013 00:00:00 GMT-0500 (EST),14
Thu Nov 14 2013 00:00:00 GMT-0500 (EST),20
Fri Nov 15 2013 00:00:00 GMT-0500 (EST),2
Sun Nov 17 2013 00:00:00 GMT-0500 (EST),18
Mon Nov 18 2013 00:00:00 GMT-0500 (EST),29
Tue Nov 19 2013 00:00:00 GMT-0500 (EST),26
Wed Nov 20 2013 00:00:00 GMT-0500 (EST),29
Thu Nov 21 2013 00:00:00 GMT-0500 (EST),27
Fri Nov 22 2013 00:00:00 GMT-0500 (EST),1
Sun Nov 24 2013 00:00:00 GMT-0500 (EST),34
Mon Nov 25 2013 00:00:00 GMT-0500 (EST),30
Tue Nov 26 2013 00:00:00 GMT-0500 (EST),29
Wed Nov 27 2013 00:00:00 GMT-0500 (EST),21
Thu Nov 28 2013 00:00:00 GMT-0500 (EST),24
Sun Dec 01 2013 00:00:00 GMT-0500 (EST),33
Mon Dec 02 2013 00:00:00 GMT-0500 (EST),41
Tue Dec 03 2013 00:00:00 GMT-0500 (EST),30
Wed Dec 04 2013 00:00:00 GMT-0500 (EST),62
Thu Dec 05 2013 00:00:00 GMT-0500 (EST),34
Sun Dec 08 2013 00:00:00 GMT-0500 (EST),24
Mon Dec 09 2013 00:00:00 GMT-0500 (EST),33
Tue Dec 10 2013 00:00:00 GMT-0500 (EST),50
Wed Dec 11 2013 00:00:00 GMT-0500 (EST),33
Thu Dec 12 2013 00:00:00 GMT-0500 (EST),41
Fri Dec 13 2013 00:00:00 GMT-0500 (EST),5
Sun Dec 15 2013 00:00:00 GMT-0500 (EST),44
Mon Dec 16 2013 00:00:00 GMT-0500 (EST),39
Tue Dec 17 2013 00:00:00 GMT-0500 (EST),39
Wed Dec 18 2013 00:00:00 GMT-0500 (EST),37
Thu Dec 19 2013 00:00:00 GMT-0500 (EST),12
Sun Dec 22 2013 00:00:00 GMT-0500 (EST),23
Mon Dec 23 2013 00:00:00 GMT-0500 (EST),20
Tue Dec 24 2013 00:00:00 GMT-0500 (EST),1
Thu Dec 26 2013 00:00:00 GMT-0500 (EST),13
Sun Dec 29 2013 00:00:00 GMT-0500 (EST),4
Mon Dec 30 2013 00:00:00 GMT-0500 (EST),1
Wed Jan 01 2014 00:00:00 GMT-0500 (EST),15
Thu Jan 02 2014 00:00:00 GMT-0500 (EST),14
Sun Jan 05 2014 00:00:00 GMT-0500 (EST),32
Mon Jan 06 2014 00:00:00 GMT-0500 (EST),32
Tue Jan 07 2014 00:00:00 GMT-0500 (EST),42
Wed Jan 08 2014 00:00:00 GMT-0500 (EST),27
Thu Jan 09 2014 00:00:00 GMT-0500 (EST),38
Fri Jan 10 2014 00:00:00 GMT-0500 (EST),2
Sun Jan 12 2014 00:00:00 GMT-0500 (EST),40
Mon Jan 13 2014 00:00:00 GMT-0500 (EST),40
Tue Jan 14 2014 00:00:00 GMT-0500 (EST),28
Wed Jan 15 2014 00:00:00 GMT-0500 (EST),28
Thu Jan 16 2014 00:00:00 GMT-0500 (EST),20
Sun Jan 19 2014 00:00:00 GMT-0500 (EST),39
Mon Jan 20 2014 00:00:00 GMT-0500 (EST),33
Tue Jan 21 2014 00:00:00 GMT-0500 (EST),37
Wed Jan 22 2014 00:00:00 GMT-0500 (EST),30
Thu Jan 23 2014 00:00:00 GMT-0500 (EST),41
Fri Jan 24 2014 00:00:00 GMT-0500 (EST),3
Mon Jan 27 2014 00:00:00 GMT-0500 (EST),39
Tue Jan 28 2014 00:00:00 GMT-0500 (EST),20
Wed Jan 29 2014 00:00:00 GMT-0500 (EST),24
Thu Jan 30 2014 00:00:00 GMT-0500 (EST),37
Fri Jan 31 2014 00:00:00 GMT-0500 (EST),2
Sun Feb 02 2014 00:00:00 GMT-0500 (EST),22
Mon Feb 03 2014 00:00:00 GMT-0500 (EST),36
Tue Feb 04 2014 00:00:00 GMT-0500 (EST),35
Wed Feb 05 2014 00:00:00 GMT-0500 (EST),22
Thu Feb 06 2014 00:00:00 GMT-0500 (EST),37
Fri Feb 07 2014 00:00:00 GMT-0500 (EST),4
Sun Feb 09 2014 00:00:00 GMT-0500 (EST),19
Mon Feb 10 2014 00:00:00 GMT-0500 (EST),37
Tue Feb 11 2014 00:00:00 GMT-0500 (EST),25
Wed Feb 12 2014 00:00:00 GMT-0500 (EST),26
Thu Feb 13 2014 00:00:00 GMT-0500 (EST),35
Fri Feb 14 2014 00:00:00 GMT-0500 (EST),2
Sun Feb 16 2014 00:00:00 GMT-0500 (EST),30
Mon Feb 17 2014 00:00:00 GMT-0500 (EST),31
Tue Feb 18 2014 00:00:00 GMT-0500 (EST),38
Wed Feb 19 2014 00:00:00 GMT-0500 (EST),50
Thu Feb 20 2014 00:00:00 GMT-0500 (EST),41
Fri Feb 21 2014 00:00:00 GMT-0500 (EST),5
Sun Feb 23 2014 00:00:00 GMT-0500 (EST),30
Mon Feb 24 2014 00:00:00 GMT-0500 (EST),38
Tue Feb 25 2014 00:00:00 GMT-0500 (EST),31
Wed Feb 26 2014 00:00:00 GMT-0500 (EST),41
Thu Feb 27 2014 00:00:00 GMT-0500 (EST),33
Sun Mar 02 2014 00:00:00 GMT-0500 (EST),33
Mon Mar 03 2014 00:00:00 GMT-0500 (EST),43
Tue Mar 04 2014 00:00:00 GMT-0500 (EST),54
Wed Mar 05 2014 00:00:00 GMT-0500 (EST),43
Thu Mar 06 2014 00:00:00 GMT-0500 (EST),25
Sun Mar 09 2014 00:00:00 GMT-0500 (EST),3
Mon Mar 10 2014 00:00:00 GMT-0400 (EDT),14
Tue Mar 11 2014 00:00:00 GMT-0400 (EDT),18
Wed Mar 12 2014 00:00:00 GMT-0400 (EDT),30
Thu Mar 13 2014 00:00:00 GMT-0400 (EDT),35
Fri Mar 14 2014 00:00:00 GMT-0400 (EDT),5
Sun Mar 16 2014 00:00:00 GMT-0400 (EDT),26
Mon Mar 17 2014 00:00:00 GMT-0400 (EDT),27
Tue Mar 18 2014 00:00:00 GMT-0400 (EDT),28
Wed Mar 19 2014 00:00:00 GMT-0400 (EDT),31
Thu Mar 20 2014 00:00:00 GMT-0400 (EDT),19
Fri Mar 21 2014 00:00:00 GMT-0400 (EDT),8
Sun Mar 23 2014 00:00:00 GMT-0400 (EDT),28
Mon Mar 24 2014 00:00:00 GMT-0400 (EDT),26
Tue Mar 25 2014 00:00:00 GMT-0400 (EDT),26
Wed Mar 26 2014 00:00:00 GMT-0400 (EDT),27
Thu Mar 27 2014 00:00:00 GMT-0400 (EDT),17
Fri Mar 28 2014 00:00:00 GMT-0400 (EDT),1
Sun Mar 30 2014 00:00:00 GMT-0400 (EDT),21
Mon Mar 31 2014 00:00:00 GMT-0400 (EDT),18
Tue Apr 01 2014 00:00:00 GMT-0400 (EDT),22
Wed Apr 02 2014 00:00:00 GMT-0400 (EDT),25
Thu Apr 03 2014 00:00:00 GMT-0400 (EDT),28
Fri Apr 04 2014 00:00:00 GMT-0400 (EDT),4
Sun Apr 06 2014 00:00:00 GMT-0400 (EDT),19
Mon Apr 07 2014 00:00:00 GMT-0400 (EDT),30
Tue Apr 08 2014 00:00:00 GMT-0400 (EDT),42
Wed Apr 09 2014 00:00:00 GMT-0400 (EDT),26
Thu Apr 10 2014 00:00:00 GMT-0400 (EDT),26
Fri Apr 11 2014 00:00:00 GMT-0400 (EDT),4
Sun Apr 13 2014 00:00:00 GMT-0400 (EDT),23
Mon Apr 14 2014 00:00:00 GMT-0400 (EDT),31
Tue Apr 15 2014 00:00:00 GMT-0400 (EDT),25
Wed Apr 16 2014 00:00:00 GMT-0400 (EDT),22
Thu Apr 17 2014 00:00:00 GMT-0400 (EDT),7
Sun Apr 20 2014 00:00:00 GMT-0400 (EDT),1
Mon Apr 21 2014 00:00:00 GMT-0400 (EDT),17
Tue Apr 22 2014 00:00:00 GMT-0400 (EDT),24
Wed Apr 23 2014 00:00:00 GMT-0400 (EDT),24
Thu Apr 24 2014 00:00:00 GMT-0400 (EDT),8
Sun Apr 27 2014 00:00:00 GMT-0400 (EDT),23
Mon Apr 28 2014 00:00:00 GMT-0400 (EDT),14
Tue Apr 29 2014 00:00:00 GMT-0400 (EDT),25
Wed Apr 30 2014 00:00:00 GMT-0400 (EDT),24
Thu May 01 2014 00:00:00 GMT-0400 (EDT),23
Fri May 02 2014 00:00:00 GMT-0400 (EDT),8
Sun May 04 2014 00:00:00 GMT-0400 (EDT),23
Mon May 05 2014 00:00:00 GMT-0400 (EDT),27
Tue May 06 2014 00:00:00 GMT-0400 (EDT),40
Wed May 07 2014 00:00:00 GMT-0400 (EDT),27
Thu May 08 2014 00:00:00 GMT-0400 (EDT),30
Fri May 09 2014 00:00:00 GMT-0400 (EDT),9
Sun May 11 2014 00:00:00 GMT-0400 (EDT),23
Mon May 12 2014 00:00:00 GMT-0400 (EDT),33
Tue May 13 2014 00:00:00 GMT-0400 (EDT),32
Wed May 14 2014 00:00:00 GMT-0400 (EDT),25
Thu May 15 2014 00:00:00 GMT-0400 (EDT),37
Fri May 16 2014 00:00:00 GMT-0400 (EDT),5
Sun May 18 2014 00:00:00 GMT-0400 (EDT),29
Mon May 19 2014 00:00:00 GMT-0400 (EDT),28
Tue May 20 2014 00:00:00 GMT-0400 (EDT),32
Wed May 21 2014 00:00:00 GMT-0400 (EDT),33
Thu May 22 2014 00:00:00 GMT-0400 (EDT),30
Fri May 23 2014 00:00:00 GMT-0400 (EDT),12
Sun May 25 2014 00:00:00 GMT-0400 (EDT),24
Mon May 26 2014 00:00:00 GMT-0400 (EDT),28
Tue May 27 2014 00:00:00 GMT-0400 (EDT),35
Wed May 28 2014 00:00:00 GMT-0400 (EDT),34
Thu May 29 2014 00:00:00 GMT-0400 (EDT),32
Fri May 30 2014 00:00:00 GMT-0400 (EDT),17
Sun Jun 01 2014 00:00:00 GMT-0400 (EDT),23
Mon Jun 02 2014 00:00:00 GMT-0400 (EDT),35
Tue Jun 03 2014 00:00:00 GMT-0400 (EDT),30
Wed Jun 04 2014 00:00:00 GMT-0400 (EDT),30
Thu Jun 05 2014 00:00:00 GMT-0400 (EDT),30
Fri Jun 06 2014 00:00:00 GMT-0400 (EDT),8
Mon Jun 09 2014 00:00:00 GMT-0400 (EDT),24
Tue Jun 10 2014 00:00:00 GMT-0400 (EDT),30
Wed Jun 11 2014 00:00:00 GMT-0400 (EDT),27
Thu Jun 12 2014 00:00:00 GMT-0400 (EDT),39
Fri Jun 13 2014 00:00:00 GMT-0400 (EDT),7
Sun Jun 15 2014 00:00:00 GMT-0400 (EDT),19
Mon Jun 16 2014 00:00:00 GMT-0400 (EDT),25
Tue Jun 17 2014 00:00:00 GMT-0400 (EDT),33
Wed Jun 18 2014 00:00:00 GMT-0400 (EDT),35
Thu Jun 19 2014 00:00:00 GMT-0400 (EDT),36
Fri Jun 20 2014 00:00:00 GMT-0400 (EDT),11
Sun Jun 22 2014 00:00:00 GMT-0400 (EDT),22
Mon Jun 23 2014 00:00:00 GMT-0400 (EDT),27
Tue Jun 24 2014 00:00:00 GMT-0400 (EDT),30
Wed Jun 25 2014 00:00:00 GMT-0400 (EDT),22
Thu Jun 26 2014 00:00:00 GMT-0400 (EDT),35
Fri Jun 27 2014 00:00:00 GMT-0400 (EDT),2
Sun Jun 29 2014 00:00:00 GMT-0400 (EDT),19
Mon Jun 30 2014 00:00:00 GMT-0400 (EDT),27
Tue Jul 01 2014 00:00:00 GMT-0400 (EDT),31
Wed Jul 02 2014 00:00:00 GMT-0400 (EDT),30
Thu Jul 03 2014 00:00:00 GMT-0400 (EDT),22
Fri Jul 04 2014 00:00:00 GMT-0400 (EDT),5
Sun Jul 06 2014 00:00:00 GMT-0400 (EDT),18
Mon Jul 07 2014 00:00:00 GMT-0400 (EDT),31
Tue Jul 08 2014 00:00:00 GMT-0400 (EDT),40
Wed Jul 09 2014 00:00:00 GMT-0400 (EDT),31
Thu Jul 10 2014 00:00:00 GMT-0400 (EDT),37
Fri Jul 11 2014 00:00:00 GMT-0400 (EDT),8
Sun Jul 13 2014 00:00:00 GMT-0400 (EDT),25
Mon Jul 14 2014 00:00:00 GMT-0400 (EDT),30
Tue Jul 15 2014 00:00:00 GMT-0400 (EDT),32
Wed Jul 16 2014 00:00:00 GMT-0400 (EDT),29
Thu Jul 17 2014 00:00:00 GMT-0400 (EDT),43
Fri Jul 18 2014 00:00:00 GMT-0400 (EDT),5
Sun Jul 20 2014 00:00:00 GMT-0400 (EDT),28
Mon Jul 21 2014 00:00:00 GMT-0400 (EDT),30
Tue Jul 22 2014 00:00:00 GMT-0400 (EDT),22
Wed Jul 23 2014 00:00:00 GMT-0400 (EDT),20
Thu Jul 24 2014 00:00:00 GMT-0400 (EDT),27
Fri Jul 25 2014 00:00:00 GMT-0400 (EDT),9
Sun Jul 27 2014 00:00:00 GMT-0400 (EDT),15
Mon Jul 28 2014 00:00:00 GMT-0400 (EDT),29
Tue Jul 29 2014 00:00:00 GMT-0400 (EDT),35
Wed Jul 30 2014 00:00:00 GMT-0400 (EDT),33
Thu Jul 31 2014 00:00:00 GMT-0400 (EDT),23
Fri Aug 01 2014 00:00:00 GMT-0400 (EDT),4
Sun Aug 03 2014 00:00:00 GMT-0400 (EDT),20
Mon Aug 04 2014 00:00:00 GMT-0400 (EDT),32
Tue Aug 05 2014 00:00:00 GMT-0400 (EDT),34
Wed Aug 06 2014 00:00:00 GMT-0400 (EDT),35
Thu Aug 07 2014 00:00:00 GMT-0400 (EDT),29
Fri Aug 08 2014 00:00:00 GMT-0400 (EDT),6
Sun Aug 10 2014 00:00:00 GMT-0400 (EDT),27
Mon Aug 11 2014 00:00:00 GMT-0400 (EDT),31
Tue Aug 12 2014 00:00:00 GMT-0400 (EDT),38
Wed Aug 13 2014 00:00:00 GMT-0400 (EDT),43
Thu Aug 14 2014 00:00:00 GMT-0400 (EDT),37
Fri Aug 15 2014 00:00:00 GMT-0400 (EDT),11
Sun Aug 17 2014 00:00:00 GMT-0400 (EDT),24
Mon Aug 18 2014 00:00:00 GMT-0400 (EDT),28
Tue Aug 19 2014 00:00:00 GMT-0400 (EDT),32
Wed Aug 20 2014 00:00:00 GMT-0400 (EDT),42
Thu Aug 21 2014 00:00:00 GMT-0400 (EDT),34
Fri Aug 22 2014 00:00:00 GMT-0400 (EDT),14
Sun Aug 24 2014 00:00:00 GMT-0400 (EDT),25
Mon Aug 25 2014 00:00:00 GMT-0400 (EDT),33
Tue Aug 26 2014 00:00:00 GMT-0400 (EDT),31
Wed Aug 27 2014 00:00:00 GMT-0400 (EDT),30
Thu Aug 28 2014 00:00:00 GMT-0400 (EDT),35
Fri Aug 29 2014 00:00:00 GMT-0400 (EDT),17
Sun Aug 31 2014 00:00:00 GMT-0400 (EDT),35
Mon Sep 01 2014 00:00:00 GMT-0400 (EDT),44
Tue Sep 02 2014 00:00:00 GMT-0400 (EDT),43
Wed Sep 03 2014 00:00:00 GMT-0400 (EDT),54
Thu Sep 04 2014 00:00:00 GMT-0400 (EDT),38
Fri Sep 05 2014 00:00:00 GMT-0400 (EDT),12
Sun Sep 07 2014 00:00:00 GMT-0400 (EDT),22
Mon Sep 08 2014 00:00:00 GMT-0400 (EDT),39
Tue Sep 09 2014 00:00:00 GMT-0400 (EDT),46
Wed Sep 10 2014 00:00:00 GMT-0400 (EDT),44
Thu Sep 11 2014 00:00:00 GMT-0400 (EDT),39
Fri Sep 12 2014 00:00:00 GMT-0400 (EDT),14
Sun Sep 14 2014 00:00:00 GMT-0400 (EDT),25
Mon Sep 15 2014 00:00:00 GMT-0400 (EDT),39
Tue Sep 16 2014 00:00:00 GMT-0400 (EDT),45
Wed Sep 17 2014 00:00:00 GMT-0400 (EDT),50
Thu Sep 18 2014 00:00:00 GMT-0400 (EDT),35
Fri Sep 19 2014 00:00:00 GMT-0400 (EDT),10
Sun Sep 21 2014 00:00:00 GMT-0400 (EDT),33
Mon Sep 22 2014 00:00:00 GMT-0400 (EDT),40
Tue Sep 23 2014 00:00:00 GMT-0400 (EDT),33
Wed Sep 24 2014 00:00:00 GMT-0400 (EDT),44
Thu Sep 25 2014 00:00:00 GMT-0400 (EDT),41
Fri Sep 26 2014 00:00:00 GMT-0400 (EDT),9
Sun Sep 28 2014 00:00:00 GMT-0400 (EDT),26
Mon Sep 29 2014 00:00:00 GMT-0400 (EDT),34
Tue Sep 30 2014 00:00:00 GMT-0400 (EDT),43
Wed Oct 01 2014 00:00:00 GMT-0400 (EDT),49
Thu Oct 02 2014 00:00:00 GMT-0400 (EDT),43
Fri Oct 03 2014 00:00:00 GMT-0400 (EDT),13
Sun Oct 05 2014 00:00:00 GMT-0400 (EDT),41
Mon Oct 06 2014 00:00:00 GMT-0400 (EDT),41
Tue Oct 07 2014 00:00:00 GMT-0400 (EDT),32
Wed Oct 08 2014 00:00:00 GMT-0400 (EDT),32
Thu Oct 09 2014 00:00:00 GMT-0400 (EDT),30
Fri Oct 10 2014 00:00:00 GMT-0400 (EDT),5
Sun Oct 12 2014 00:00:00 GMT-0400 (EDT),25
Mon Oct 13 2014 00:00:00 GMT-0400 (EDT),27
Tue Oct 14 2014 00:00:00 GMT-0400 (EDT),26
Wed Oct 15 2014 00:00:00 GMT-0400 (EDT),21
Thu Oct 16 2014 00:00:00 GMT-0400 (EDT),18
Fri Oct 17 2014 00:00:00 GMT-0400 (EDT),1
Sun Oct 19 2014 00:00:00 GMT-0400 (EDT),24
Mon Oct 20 2014 00:00:00 GMT-0400 (EDT),17
Tue Oct 21 2014 00:00:00 GMT-0400 (EDT),38
Wed Oct 22 2014 00:00:00 GMT-0400 (EDT),30
Thu Oct 23 2014 00:00:00 GMT-0400 (EDT),32
Fri Oct 24 2014 00:00:00 GMT-0400 (EDT),6
Sun Oct 26 2014 00:00:00 GMT-0400 (EDT),21
Mon Oct 27 2014 00:00:00 GMT-0400 (EDT),32
Tue Oct 28 2014 00:00:00 GMT-0400 (EDT),36
Wed Oct 29 2014 00:00:00 GMT-0400 (EDT),20
Thu Oct 30 2014 00:00:00 GMT-0400 (EDT),17
Sun Nov 02 2014 00:00:00 GMT-0400 (EDT),19